-- DEMO ORGANIZATION & SEED DATA (Simplified)

-- Step 1: Create Demo Organization
INSERT INTO public.organizations (id, name, slug, logo_url, depot_lat, depot_lng, default_pte_rate, default_otr_rate, default_tractor_rate)
VALUES ('de300000-0000-4000-8000-000000000001', 'TreadSet Demo', 'demo', '/treadset-logo.png', 42.3314, -83.0458, 1.50, 22.50, 7.50);

-- Step 2: Insert 12 Demo Clients
INSERT INTO public.clients (id, organization_id, company_name, contact_name, email, phone, physical_address, physical_city, physical_state, physical_zip, depot_lat, depot_lng, is_active) VALUES
  ('de30c000-0000-4000-8000-000000000001', 'de300000-0000-4000-8000-000000000001', 'Motor City Tire & Auto', 'Marcus Johnson', 'marcus@motorcitytire.com', '(313) 555-0101', '4521 Woodward Ave', 'Detroit', 'MI', '48201', 42.3486, -83.0567, true),
  ('de30c000-0000-4000-8000-000000000002', 'de300000-0000-4000-8000-000000000001', 'Great Lakes Rubber Co', 'Sarah Mitchell', 'sarah@greatlakesrubber.com', '(616) 555-0102', '2847 Division Ave S', 'Grand Rapids', 'MI', '49507', 42.9342, -85.6612, true),
  ('de30c000-0000-4000-8000-000000000003', 'de300000-0000-4000-8000-000000000001', 'Wolverine Tire Shop', 'David Chen', 'david@wolverinetire.com', '(734) 555-0103', '1205 S State St', 'Ann Arbor', 'MI', '48104', 42.2681, -83.7433, true),
  ('de30c000-0000-4000-8000-000000000004', 'de300000-0000-4000-8000-000000000001', 'Mackinac Auto Service', 'Jennifer Wright', 'jennifer@mackinacauto.com', '(231) 555-0104', '892 E Front St', 'Traverse City', 'MI', '49686', 44.7617, -85.6206, true),
  ('de30c000-0000-4000-8000-000000000005', 'de300000-0000-4000-8000-000000000001', 'Upper Peninsula Recycling', 'Robert Thompson', 'robert@uprecycling.com', '(906) 555-0105', '1456 W Washington St', 'Marquette', 'MI', '49855', 46.5475, -87.4028, true),
  ('de30c000-0000-4000-8000-000000000006', 'de300000-0000-4000-8000-000000000001', 'Lansing Tire Center', 'Michelle Garcia', 'michelle@lansingtire.com', '(517) 555-0106', '3021 S Cedar St', 'Lansing', 'MI', '48910', 42.7084, -84.5607, true),
  ('de30c000-0000-4000-8000-000000000007', 'de300000-0000-4000-8000-000000000001', 'Flint Auto & Tire', 'James Wilson', 'james@flintauto.com', '(810) 555-0107', '2501 S Dort Hwy', 'Flint', 'MI', '48507', 43.0023, -83.6849, true),
  ('de30c000-0000-4000-8000-000000000008', 'de300000-0000-4000-8000-000000000001', 'Kalamazoo Wheel Works', 'Lisa Anderson', 'lisa@kazoowheel.com', '(269) 555-0108', '1847 Portage St', 'Kalamazoo', 'MI', '49001', 42.2711, -85.5623, true),
  ('de30c000-0000-4000-8000-000000000009', 'de300000-0000-4000-8000-000000000001', 'Saginaw Tire Depot', 'Kevin Brown', 'kevin@saginawtire.com', '(989) 555-0109', '3256 Bay Rd', 'Saginaw', 'MI', '48603', 43.4474, -83.9308, true),
  ('de30c000-0000-4000-8000-000000000010', 'de300000-0000-4000-8000-000000000001', 'Monroe Auto Care', 'Patricia Davis', 'patricia@monroeauto.com', '(734) 555-0110', '1502 S Monroe St', 'Monroe', 'MI', '48161', 41.9137, -83.3977, true),
  ('de30c000-0000-4000-8000-000000000011', 'de300000-0000-4000-8000-000000000001', 'Jackson Wheel & Tire', 'Anthony Martinez', 'anthony@jacksonwheel.com', '(517) 555-0111', '2107 E Michigan Ave', 'Jackson', 'MI', '49202', 42.2458, -84.3870, true),
  ('de30c000-0000-4000-8000-000000000012', 'de300000-0000-4000-8000-000000000001', 'Bay City Tire Service', 'Nancy Taylor', 'nancy@baycitytire.com', '(989) 555-0112', '1825 S Euclid Ave', 'Bay City', 'MI', '48706', 43.5656, -83.8889, true);

-- Step 3: Insert Locations
INSERT INTO public.locations (id, organization_id, client_id, name, address, latitude, longitude) VALUES
  ('de30e000-0000-4000-8000-000000000001', 'de300000-0000-4000-8000-000000000001', 'de30c000-0000-4000-8000-000000000001', 'Main Shop', '4521 Woodward Ave, Detroit, MI 48201', 42.3486, -83.0567),
  ('de30e000-0000-4000-8000-000000000002', 'de300000-0000-4000-8000-000000000001', 'de30c000-0000-4000-8000-000000000002', 'Primary Location', '2847 Division Ave S, Grand Rapids, MI 49507', 42.9342, -85.6612),
  ('de30e000-0000-4000-8000-000000000003', 'de300000-0000-4000-8000-000000000001', 'de30c000-0000-4000-8000-000000000003', 'Downtown Shop', '1205 S State St, Ann Arbor, MI 48104', 42.2681, -83.7433),
  ('de30e000-0000-4000-8000-000000000004', 'de300000-0000-4000-8000-000000000001', 'de30c000-0000-4000-8000-000000000004', 'Service Center', '892 E Front St, Traverse City, MI 49686', 44.7617, -85.6206),
  ('de30e000-0000-4000-8000-000000000005', 'de300000-0000-4000-8000-000000000001', 'de30c000-0000-4000-8000-000000000005', 'Recycling Facility', '1456 W Washington St, Marquette, MI 49855', 46.5475, -87.4028),
  ('de30e000-0000-4000-8000-000000000006', 'de300000-0000-4000-8000-000000000001', 'de30c000-0000-4000-8000-000000000006', 'Main Store', '3021 S Cedar St, Lansing, MI 48910', 42.7084, -84.5607),
  ('de30e000-0000-4000-8000-000000000007', 'de300000-0000-4000-8000-000000000001', 'de30c000-0000-4000-8000-000000000007', 'South Location', '2501 S Dort Hwy, Flint, MI 48507', 43.0023, -83.6849),
  ('de30e000-0000-4000-8000-000000000008', 'de300000-0000-4000-8000-000000000001', 'de30c000-0000-4000-8000-000000000008', 'Wheel Center', '1847 Portage St, Kalamazoo, MI 49001', 42.2711, -85.5623),
  ('de30e000-0000-4000-8000-000000000009', 'de300000-0000-4000-8000-000000000001', 'de30c000-0000-4000-8000-000000000009', 'Bay Road Shop', '3256 Bay Rd, Saginaw, MI 48603', 43.4474, -83.9308),
  ('de30e000-0000-4000-8000-000000000010', 'de300000-0000-4000-8000-000000000001', 'de30c000-0000-4000-8000-000000000010', 'Auto Center', '1502 S Monroe St, Monroe, MI 48161', 41.9137, -83.3977),
  ('de30e000-0000-4000-8000-000000000011', 'de300000-0000-4000-8000-000000000001', 'de30c000-0000-4000-8000-000000000011', 'Tire Shop', '2107 E Michigan Ave, Jackson, MI 49202', 42.2458, -84.3870),
  ('de30e000-0000-4000-8000-000000000012', 'de300000-0000-4000-8000-000000000001', 'de30c000-0000-4000-8000-000000000012', 'Service Station', '1825 S Euclid Ave, Bay City, MI 48706', 43.5656, -83.8889);

-- Step 4: Insert Trailers
INSERT INTO public.trailers (id, organization_id, trailer_number, current_status, current_location) VALUES
  ('de30d000-0000-4000-8000-000000000001', 'de300000-0000-4000-8000-000000000001', 'DEMO-T01', 'empty', 'TreadSet Yard'),
  ('de30d000-0000-4000-8000-000000000002', 'de300000-0000-4000-8000-000000000001', 'DEMO-T02', 'full', 'Great Lakes Rubber Co'),
  ('de30d000-0000-4000-8000-000000000003', 'de300000-0000-4000-8000-000000000001', 'DEMO-T03', 'waiting_unload', 'Processing Facility'),
  ('de30d000-0000-4000-8000-000000000004', 'de300000-0000-4000-8000-000000000001', 'DEMO-T04', 'empty', 'Motor City Tire');

-- Step 5: Insert Vehicles
INSERT INTO public.vehicles (id, organization_id, name, license_plate) VALUES
  ('de30a000-0000-4000-8000-000000000001', 'de300000-0000-4000-8000-000000000001', 'DEMO Truck 1', 'DEMO-001'),
  ('de30a000-0000-4000-8000-000000000002', 'de300000-0000-4000-8000-000000000001', 'DEMO Truck 2', 'DEMO-002');

-- Step 6: Insert Pickups (10 samples for brevity)
INSERT INTO public.pickups (id, organization_id, client_id, location_id, pickup_date, status, pte_count, otr_count, tractor_count, final_revenue) VALUES
  ('de30f000-0000-4000-8000-000000000001', 'de300000-0000-4000-8000-000000000001', 'de30c000-0000-4000-8000-000000000001', 'de30e000-0000-4000-8000-000000000001', CURRENT_DATE - 30, 'completed', 45, 2, 1, 82.50),
  ('de30f000-0000-4000-8000-000000000002', 'de300000-0000-4000-8000-000000000001', 'de30c000-0000-4000-8000-000000000002', 'de30e000-0000-4000-8000-000000000002', CURRENT_DATE - 25, 'completed', 62, 0, 2, 108.00),
  ('de30f000-0000-4000-8000-000000000003', 'de300000-0000-4000-8000-000000000001', 'de30c000-0000-4000-8000-000000000003', 'de30e000-0000-4000-8000-000000000003', CURRENT_DATE - 20, 'completed', 28, 1, 0, 64.50),
  ('de30f000-0000-4000-8000-000000000004', 'de300000-0000-4000-8000-000000000001', 'de30c000-0000-4000-8000-000000000004', 'de30e000-0000-4000-8000-000000000004', CURRENT_DATE - 15, 'completed', 55, 3, 1, 142.00),
  ('de30f000-0000-4000-8000-000000000005', 'de300000-0000-4000-8000-000000000001', 'de30c000-0000-4000-8000-000000000005', 'de30e000-0000-4000-8000-000000000005', CURRENT_DATE - 10, 'completed', 85, 5, 3, 260.00),
  ('de30f000-0000-4000-8000-000000000006', 'de300000-0000-4000-8000-000000000001', 'de30c000-0000-4000-8000-000000000006', 'de30e000-0000-4000-8000-000000000006', CURRENT_DATE - 5, 'completed', 38, 1, 1, 87.00),
  ('de30f000-0000-4000-8000-000000000007', 'de300000-0000-4000-8000-000000000001', 'de30c000-0000-4000-8000-000000000007', 'de30e000-0000-4000-8000-000000000007', CURRENT_DATE - 3, 'completed', 52, 2, 0, 123.00),
  ('de30f000-0000-4000-8000-000000000008', 'de300000-0000-4000-8000-000000000001', 'de30c000-0000-4000-8000-000000000001', 'de30e000-0000-4000-8000-000000000001', CURRENT_DATE, 'in_progress', 45, 1, 1, NULL),
  ('de30f000-0000-4000-8000-000000000009', 'de300000-0000-4000-8000-000000000001', 'de30c000-0000-4000-8000-000000000002', 'de30e000-0000-4000-8000-000000000002', CURRENT_DATE, 'scheduled', 60, 2, 0, NULL),
  ('de30f000-0000-4000-8000-000000000010', 'de300000-0000-4000-8000-000000000001', 'de30c000-0000-4000-8000-000000000005', 'de30e000-0000-4000-8000-000000000005', CURRENT_DATE, 'scheduled', 35, 0, 1, NULL);

-- Step 7: Insert Manifests
INSERT INTO public.manifests (id, organization_id, client_id, location_id, pickup_id, manifest_number, status, pte_on_rim, pte_off_rim, otr_count, tractor_count, total, payment_status, signed_at) VALUES
  ('de30aa00-0000-4000-8000-000000000001', 'de300000-0000-4000-8000-000000000001', 'de30c000-0000-4000-8000-000000000001', 'de30e000-0000-4000-8000-000000000001', 'de30f000-0000-4000-8000-000000000001', '20250101-00001', 'COMPLETED', 20, 25, 2, 1, 82.50, 'SUCCEEDED', CURRENT_DATE - 30),
  ('de30aa00-0000-4000-8000-000000000002', 'de300000-0000-4000-8000-000000000001', 'de30c000-0000-4000-8000-000000000002', 'de30e000-0000-4000-8000-000000000002', 'de30f000-0000-4000-8000-000000000002', '20250101-00002', 'COMPLETED', 30, 32, 0, 2, 108.00, 'SUCCEEDED', CURRENT_DATE - 25),
  ('de30aa00-0000-4000-8000-000000000003', 'de300000-0000-4000-8000-000000000001', 'de30c000-0000-4000-8000-000000000003', 'de30e000-0000-4000-8000-000000000003', 'de30f000-0000-4000-8000-000000000003', '20250101-00003', 'COMPLETED', 12, 16, 1, 0, 64.50, 'SUCCEEDED', CURRENT_DATE - 20),
  ('de30aa00-0000-4000-8000-000000000004', 'de300000-0000-4000-8000-000000000001', 'de30c000-0000-4000-8000-000000000004', 'de30e000-0000-4000-8000-000000000004', 'de30f000-0000-4000-8000-000000000004', '20250101-00004', 'COMPLETED', 25, 30, 3, 1, 142.00, 'SUCCEEDED', CURRENT_DATE - 15),
  ('de30aa00-0000-4000-8000-000000000005', 'de300000-0000-4000-8000-000000000001', 'de30c000-0000-4000-8000-000000000005', 'de30e000-0000-4000-8000-000000000005', 'de30f000-0000-4000-8000-000000000005', '20250101-00005', 'COMPLETED', 40, 45, 5, 3, 260.00, 'SUCCEEDED', CURRENT_DATE - 10),
  ('de30aa00-0000-4000-8000-000000000006', 'de300000-0000-4000-8000-000000000001', 'de30c000-0000-4000-8000-000000000006', 'de30e000-0000-4000-8000-000000000006', 'de30f000-0000-4000-8000-000000000006', '20250101-00006', 'COMPLETED', 18, 20, 1, 1, 87.00, 'SUCCEEDED', CURRENT_DATE - 5),
  ('de30aa00-0000-4000-8000-000000000007', 'de300000-0000-4000-8000-000000000001', 'de30c000-0000-4000-8000-000000000007', 'de30e000-0000-4000-8000-000000000007', 'de30f000-0000-4000-8000-000000000007', '20250101-00007', 'COMPLETED', 24, 28, 2, 0, 123.00, 'SUCCEEDED', CURRENT_DATE - 3)